Phone,FirstName,LastName,Phone02,Phone03,Phone04,Phone05,Phone06,Phoneo7,Phone08,Phone09,Phone10
9919426941,Yogendra,Gupta,9919426945,9919426946,9919426950,9919426954,9919426958,9919426962,9919426966,9919426970,9919426974
9919426942,Yogendra,Gupta,9919426944,9919426947,9919426951,9919426955,9919426959,9919426963,9919426967,9919426971,9919426975
9919426943,Yogendra,Gupta,9919426943,9919426948,9919426952,9919426956,9919426960,9919426964,9919426968,9919426972,9919426976
9919426944,Yogendra,Gupta,9919426942,9919426949,9919426953,9919426957,9919426961,9919426965,9919426969,9919426973,9919426977
9919426945,Yogendra,Gupta,9919426941,9919426950,9919426954,9919426958,9919426962,9919426966,9919426970,9919426974,9919426978
9919426941,Yogendra,Gupta,9919426945,9919426946,9919426950,9919426954,9919426958,9919426962,9919426966,9919426970,9919426974
9919426942,Yogendra,Gupta,9919426944,9919426947,9919426951,9919426955,9919426959,9919426963,9919426967,9919426971,9919426975
9919426943,Yogendra,Gupta,9919426943,9919426948,9919426952,9919426956,9919426960,9919426964,9919426968,9919426972,9919426976
9919426944,Yogendra,Gupta,9919426942,9919426949,9919426953,9919426957,9919426961,9919426965,9919426969,9919426973,9919426977
9919426945,Yogendra,Gupta,9919426941,9919426950,9919426954,9919426958,9919426962,9919426966,9919426970,9919426974,9919426978
