Phone,FirstName,LastName
9919426941,Yogendra,Gupta
9919426942,Yogendra,Gupta
9919426943,Yogendra,Gupta
9919426944,Yogendra,Gupta
9919426945,Yogendra,Gupta
9919426946,Yogendra,Gupta
9919426947,Yogendra,Gupta
9919426948,Yogendra,Gupta
9919426949,Yogendra,Gupta
9919426950,Yogendra,Gupta
9919426951,Yogendra,Gupta
9919426952,Yogendra,Gupta
9919426953,Yogendra,Gupta
9919426954,Yogendra,Gupta
9919426955,Yogendra,Gupta
9919426956,Yogendra,Gupta
9919426957,Yogendra,Gupta
9919426958,Yogendra,Gupta
9919426959,Yogendra,Gupta
9919426960,Yogendra,Gupta
9919426961,Yogendra,Gupta
9919426962,Yogendra,Gupta
9919426963,Yogendra,Gupta
9919426964,Yogendra,Gupta
9919426965,Yogendra,Gupta
9919426966,Yogendra,Gupta
9919426967,Yogendra,Gupta
9919426968,Yogendra,Gupta
9919426969,Yogendra,Gupta
9919426970,Yogendra,Gupta
9919426971,Yogendra,Gupta
9919426972,Yogendra,Gupta
9919426973,Yogendra,Gupta
9919426974,Yogendra,Gupta
9919426975,Yogendra,Gupta
9919426976,Yogendra,Gupta
9919426977,Yogendra,Gupta
9919426978,Yogendra,Gupta
9919426979,Yogendra,Gupta
9919426980,Yogendra,Gupta
9919426981,Yogendra,Gupta
9919426982,Yogendra,Gupta
9919426983,Yogendra,Gupta
9919426984,Yogendra,Gupta
9919426985,Yogendra,Gupta
9919426986,Yogendra,Gupta
9919426987,Yogendra,Gupta
9919426988,Yogendra,Gupta
9919426989,Yogendra,Gupta
9919426990,Yogendra,Gupta
9919426991,Yogendra,Gupta
9919426992,Yogendra,Gupta
9919426993,Yogendra,Gupta
9919426994,Yogendra,Gupta
9919426995,Yogendra,Gupta
9919426996,Yogendra,Gupta
9919426997,Yogendra,Gupta
9919426998,Yogendra,Gupta
9919426999,Yogendra,Gupta
9919427000,Yogendra,Gupta
9919427001,Yogendra,Gupta
9919427002,Yogendra,Gupta
9919427003,Yogendra,Gupta
9919427004,Yogendra,Gupta
9919427005,Yogendra,Gupta
9919427006,Yogendra,Gupta
9919427007,Yogendra,Gupta
9919427008,Yogendra,Gupta
9919427009,Yogendra,Gupta
9919427010,Yogendra,Gupta
9919427011,Yogendra,Gupta
9919427012,Yogendra,Gupta
9919427013,Yogendra,Gupta
9919427014,Yogendra,Gupta
9919427015,Yogendra,Gupta
9919427016,Yogendra,Gupta
9919427017,Yogendra,Gupta
9919427018,Yogendra,Gupta
9919427019,Yogendra,Gupta
9919427020,Yogendra,Gupta
9919427021,Yogendra,Gupta
9919427022,Yogendra,Gupta
9919427023,Yogendra,Gupta
9919427024,Yogendra,Gupta
9919427025,Yogendra,Gupta
9919427026,Yogendra,Gupta
